source_name,display_name,reference,note
가자,Terminaliae Fructus,https://www.nifds.go.kr/nhmi/download.do?flgrpNo=247&sn=1,Display only; source identifier retained.
감초,Glycyrrhizae Radix et Rhizoma,https://new.lungkorea.org/board/notice02/view/13397,Display only; source identifier retained.
검인,Euryales Semen,https://new.lungkorea.org/board/notice02/view/13397,Display only; source identifier retained.
관동화,Farfarae Flos,https://new.lungkorea.org/board/notice02/view/13397,Display only; source identifier retained.
구기자,Lycii Fructus,https://new.lungkorea.org/board/notice02/view/13397,Display only; source identifier retained.
구맥,Dianthi Herba,https://www.nifds.go.kr/nhmi/download.do?flgrpNo=836&sn=1,Display only; source identifier retained.
귀판,Testudinis Chinemis Plastrum et Carapax,https://www.nifds.go.kr/nhmi/download.do?flgrpNo=829&sn=1,Display only; source identifier retained.
금은화,Lonicerae Flos,https://new.lungkorea.org/board/notice02/view/13397,Display only; source identifier retained.
녹용,Cervi Parvum Cornu,https://www.nifds.go.kr/nhmi/download.do?flgrpNo=810&sn=1,Display only; source identifier retained.
당귀,Angelicae Gigantis Radix,https://new.lungkorea.org/board/notice02/view/13397,Display only; source identifier retained.
당귀미,Angelicae Gigantis Radix (tail),"Author confirmation, 2026-09-30",Author-confirmed display designation; source identifier retained.
도인,Persicae Semen,https://new.lungkorea.org/board/notice02/view/13397,Display only; source identifier retained.
두중,Eucommiae Cortex,https://new.lungkorea.org/board/notice02/view/13397,Display only; source identifier retained.
맥문동,Liriopis seu Ophiopogonis Tuber,https://new.lungkorea.org/board/notice02/view/13397,Display only; source identifier retained.
맥아,Hordei Fructus Germinatus,https://oasis.kiom.re.kr/oasis/herb/monoDetailView_M06.jsp?idx=120&tab=6,Display only; source identifier retained.
모려,Ostreae Testa,https://new.lungkorea.org/board/notice02/view/13397,Display only; source identifier retained.
목단피,Moutan Radicis Cortex,https://new.lungkorea.org/board/notice02/view/13397,Display only; source identifier retained.
목통,Akebiae Caulis,https://new.lungkorea.org/board/notice02/view/13397,Display only; source identifier retained.
반하,Pinelliae Tuber,https://new.lungkorea.org/board/notice02/view/13397,Display only; source identifier retained.
백자인,Thujae Semen,https://new.lungkorea.org/board/notice02/view/13397,Display only; source identifier retained.
백출,Atractylodis Rhizoma Alba,https://new.lungkorea.org/board/notice02/view/13397,Display only; source identifier retained.
백편두,Dolichoris Semen,https://new.lungkorea.org/board/notice02/view/13397,Display only; source identifier retained.
보골지,Psoraleae Semen,https://nifds.go.kr/nhmi/download.do?flgrpNo=719&sn=1,Display only; source identifier retained.
복령,Poria Sclerotium,https://new.lungkorea.org/board/notice02/view/13397,Display only; source identifier retained.
복신,Hoelen Cum Radix,https://www.mfds.go.kr/files/upload/herbmed/photo_data/SFP3_0533.pdf,Display only; source identifier retained.
부자,Aconiti Lateralis Radix Preparata,https://new.lungkorea.org/board/notice02/view/13397,Display only; source identifier retained.
사향,Moschus,https://nifds.go.kr/nhmi/download.do?flgrpNo=699&sn=1,Display only; source identifier retained.
산사,Crataegi Fructus,https://new.lungkorea.org/board/notice02/view/13397,Display only; source identifier retained.
산사육,Crataegi Fructus (Flesh),"Author confirmation, 2026-09-30",Author-confirmed display designation; source identifier retained.
산수유,Corni Fructus,https://new.lungkorea.org/board/notice02/view/13397,Display only; source identifier retained.
산약,Dioscoreae Rhizoma,https://new.lungkorea.org/board/notice02/view/13397,Display only; source identifier retained.
산조인,Zizyphi Semen,https://new.lungkorea.org/board/notice02/view/13397,Display only; source identifier retained.
삼릉,Sparganii Rhizoma,https://new.lungkorea.org/board/notice02/view/13397,Display only; source identifier retained.
생강,Zingiberis Rhizoma Recens,https://nifds.go.kr/nhmi/download.do?flgrpNo=684&sn=1,Display only; source identifier retained.
석곡,Dendrobii Caulis,https://www.nifds.go.kr/nhmi/download.do?flgrpNo=677&sn=1,Display only; source identifier retained.
숙지황,Rehmanniae Radix Preparata,https://new.lungkorea.org/board/notice02/view/13397,Display only; source identifier retained.
아출,Curcumae Rhizoma,https://new.lungkorea.org/board/notice02/view/13397,Display only; source identifier retained.
연교,Forsythiae Fructus,https://new.lungkorea.org/board/notice02/view/13397,Display only; source identifier retained.
연자육,Nelumbinis Semen,https://new.lungkorea.org/board/notice02/view/13397,Display only; source identifier retained.
오미자,Schisandrae Fructus,https://new.lungkorea.org/board/notice02/view/13397,Display only; source identifier retained.
용골,Fossilia Ossis Mastodi,https://new.lungkorea.org/board/notice02/view/13397,Display only; source identifier retained.
우방자,Arctii Fructus,https://new.lungkorea.org/board/notice02/view/13397,Display only; source identifier retained.
우슬,Achyranthis Radix,https://new.lungkorea.org/board/notice02/view/13397,Display only; source identifier retained.
원지,Polygalae Radix,https://new.lungkorea.org/board/notice02/view/13397,Display only; source identifier retained.
육계,Cinnamomi Cortex,https://new.lungkorea.org/board/notice02/view/13397,Display only; source identifier retained.
육두구,Myristicae Semen,https://new.lungkorea.org/board/notice02/view/13397,Display only; source identifier retained.
육종용,Cistanchis Herba,https://www.mfds.go.kr/files/upload/herbmed/photo_data/KHP263.pdf,Display only; source identifier retained.
의이인,Coicis Semen,https://new.lungkorea.org/board/notice02/view/13397,Display only; source identifier retained.
인삼,Ginseng Radix,https://new.lungkorea.org/board/notice02/view/13397,Display only; source identifier retained.
자완,Asteris Radix,https://new.lungkorea.org/board/notice02/view/13397,Display only; source identifier retained.
작약,Paeoniae Radix,https://new.lungkorea.org/board/notice02/view/13397,Display only; source identifier retained.
주사,Cinnabaris,https://oasis.kiom.re.kr/oasis/herb/monoChartSearch.jsp?nowBlock=3&page=38&perPage=10&srch_menu_nix=null,Display only; source identifier retained.
죽엽,Phyllostachyos Folium,"Author confirmation, 2026-09-30",Author-confirmed display designation; source identifier retained.
진피,Citri Unshius Pericarpium,https://new.lungkorea.org/board/notice02/view/13397,Display only; source identifier retained.
차전자,Plantaginis Semen,https://new.lungkorea.org/board/notice02/view/13397,Display only; source identifier retained.
택사,Alismatis Rhizoma,https://new.lungkorea.org/board/notice02/view/13397,Display only; source identifier retained.
토사자,Cuscutae Semen,https://nifds.go.kr/nhmi/download.do?flgrpNo=490&sn=1,Display only; source identifier retained.
파극천,Morindae Radix,https://new.lungkorea.org/board/notice02/view/13397,Display only; source identifier retained.
홍화,Carthami Flos,https://new.lungkorea.org/board/notice02/view/13397,Display only; source identifier retained.
황금,Scutellariae Radix,https://new.lungkorea.org/board/notice02/view/13397,Display only; source identifier retained.
황백,Phellodendri Cortex,https://new.lungkorea.org/board/notice02/view/13397,Display only; source identifier retained.
회향,Foeniculi Fructus,https://new.lungkorea.org/board/notice02/view/13397,Display only; source identifier retained.
